1,varshi,varshinib@gmail.com,800002,sanjay,sanjayvs@gamil.com,300003,sumathy,sumthy34@gmial.com,400004,mahema,mahesmath@gmail.com,500005,raji,rajimma@gmail.com,400006,manoj,vgrmanoj@gamil.com,200007,jayanthi,jayanthi897@gmail.com,500008,rahul,rahul865@gmail.com,400009,ganesan,ganesan@gmail.com,6000010,mohan,mohanrj@gmail.com,80000
